Name,Image Path,Type 1,Type 2
Abomasnow,pokemon_images/Abomasnow.jpg,Grass,Ice
Abra,pokemon_images/Abra.jpg,Psychic,
Absol,pokemon_images/Absol.jpg,Dark,
Accelgor,pokemon_images/Accelgor.jpg,Bug,
Aegislash,pokemon_images/Aegislash.jpg,Steel,Ghost
Aerodactyl,pokemon_images/Aerodactyl.jpg,Rock,Flying
Aggron,pokemon_images/Aggron.jpg,Steel,Rock
Aipom,pokemon_images/Aipom.jpg,Normal,
Alakazam,pokemon_images/Alakazam.jpg,Psychic,
Alcremie,pokemon_images/Alcremie.jpg,Fairy,
Alomomola,pokemon_images/Alomomola.jpg,Water,
Altaria,pokemon_images/Altaria.jpg,Dragon,Flying
Amaura,pokemon_images/Amaura.jpg,Rock,Ice
Ambipom,pokemon_images/Ambipom.jpg,Normal,
Amoonguss,pokemon_images/Amoonguss.jpg,Grass,Poison
Ampharos,pokemon_images/Ampharos.jpg,Electric,
Annihilape,pokemon_images/Annihilape.jpg,Fighting,Ghost
Anorith,pokemon_images/Anorith.jpg,Rock,Bug
Appletun,pokemon_images/Appletun.jpg,Grass,Dragon
Applin,pokemon_images/Applin.jpg,Grass,Dragon
Araquanid,pokemon_images/Araquanid.jpg,Water,Bug
Arbok,pokemon_images/Arbok.jpg,Poison,
Arboliva,pokemon_images/Arboliva.jpg,Grass,Normal
Arcanine,pokemon_images/Arcanine.jpg,Fire,
Arceus,pokemon_images/Arceus.jpg,Normal,
Archaludon,pokemon_images/Archaludon.jpg,Steel,Dragon
Archen,pokemon_images/Archen.jpg,Rock,Flying
Archeops,pokemon_images/Archeops.jpg,Rock,Flying
Arctibax,pokemon_images/Arctibax.jpg,Dragon,Ice
Arctovish,pokemon_images/Arctovish.jpg,Water,Ice
Arctozolt,pokemon_images/Arctozolt.jpg,Electric,Ice
Ariados,pokemon_images/Ariados.jpg,Bug,Poison
Armaldo,pokemon_images/Armaldo.jpg,Rock,Bug
Armarouge,pokemon_images/Armarouge.jpg,Fire,Psychic
Aromatisse,pokemon_images/Aromatisse.jpg,Fairy,
Aron,pokemon_images/Aron.jpg,Steel,Rock
Arrokuda,pokemon_images/Arrokuda.jpg,Water,
Articuno,pokemon_images/Articuno.jpg,Ice,Flying
Audino,pokemon_images/Audino.jpg,Normal,
Aurorus,pokemon_images/Aurorus.jpg,Rock,Ice
Avalugg,pokemon_images/Avalugg.jpg,Ice,
Axew,pokemon_images/Axew.jpg,Dragon,
Azelf,pokemon_images/Azelf.jpg,Psychic,
Azumarill,pokemon_images/Azumarill.jpg,Water,Fairy
Azurill,pokemon_images/Azurill.jpg,Normal,Fairy
Bagon,pokemon_images/Bagon.jpg,Dragon,
Baltoy,pokemon_images/Baltoy.jpg,Ground,Psychic
Banette,pokemon_images/Banette.jpg,Ghost,
Barbaracle,pokemon_images/Barbaracle.jpg,Rock,Water
Barboach,pokemon_images/Barboach.jpg,Water,Ground
Barraskewda,pokemon_images/Barraskewda.jpg,Water,
Basculegion,pokemon_images/Basculegion.jpg,Water,Ghost
Basculin,pokemon_images/Basculin.jpg,Water,
Bastiodon,pokemon_images/Bastiodon.jpg,Rock,Steel
Baxcalibur,pokemon_images/Baxcalibur.jpg,Dragon,Ice
Bayleef,pokemon_images/Bayleef.jpg,Grass,
Beartic,pokemon_images/Beartic.jpg,Ice,
Beautifly,pokemon_images/Beautifly.jpg,Bug,Flying
Beedrill,pokemon_images/Beedrill.jpg,Bug,Poison
Beheeyem,pokemon_images/Beheeyem.jpg,Psychic,
Beldum,pokemon_images/Beldum.jpg,Steel,Psychic
Bellibolt,pokemon_images/Bellibolt.jpg,Electric,
Bellossom,pokemon_images/Bellossom.jpg,Grass,
Bellsprout,pokemon_images/Bellsprout.jpg,Grass,Poison
Bergmite,pokemon_images/Bergmite.jpg,Ice,
Bewear,pokemon_images/Bewear.jpg,Normal,Fighting
Bibarel,pokemon_images/Bibarel.jpg,Normal,Water
Bidoof,pokemon_images/Bidoof.jpg,Normal,
Binacle,pokemon_images/Binacle.jpg,Rock,Water
Bisharp,pokemon_images/Bisharp.jpg,Dark,Steel
Blacephalon,pokemon_images/Blacephalon.jpg,Fire,Ghost
Blastoise,pokemon_images/Blastoise.jpg,Water,
Blaziken,pokemon_images/Blaziken.jpg,Fire,Fighting
Blipbug,pokemon_images/Blipbug.jpg,Bug,
Blissey,pokemon_images/Blissey.jpg,Normal,
Blitzle,pokemon_images/Blitzle.jpg,Electric,
Boldore,pokemon_images/Boldore.jpg,Rock,
Boltund,pokemon_images/Boltund.jpg,Electric,
Bombirdier,pokemon_images/Bombirdier.jpg,Flying,Dark
Bonsly,pokemon_images/Bonsly.jpg,Rock,
Bouffalant,pokemon_images/Bouffalant.jpg,Normal,
Bounsweet,pokemon_images/Bounsweet.jpg,Grass,
Braixen,pokemon_images/Braixen.jpg,Fire,
Brambleghast,pokemon_images/Brambleghast.jpg,Grass,Ghost
Bramblin,pokemon_images/Bramblin.jpg,Grass,Ghost
Braviary,pokemon_images/Braviary.jpg,Normal,Flying
Breloom,pokemon_images/Breloom.jpg,Grass,Fighting
Brionne,pokemon_images/Brionne.jpg,Water,
Bronzong,pokemon_images/Bronzong.jpg,Steel,Psychic
Bronzor,pokemon_images/Bronzor.jpg,Steel,Psychic
Brute Bonnet,pokemon_images/Brute Bonnet.jpg,Grass,Dark
Bruxish,pokemon_images/Bruxish.jpg,Water,Psychic
Budew,pokemon_images/Budew.jpg,Grass,Poison
Buizel,pokemon_images/Buizel.jpg,Water,
Bulbasaur,pokemon_images/Bulbasaur.jpg,Grass,Poison
Buneary,pokemon_images/Buneary.jpg,Normal,
Bunnelby,pokemon_images/Bunnelby.jpg,Normal,
Burmy,pokemon_images/Burmy.jpg,Bug,
Butterfree,pokemon_images/Butterfree.jpg,Bug,Flying
Buzzwole,pokemon_images/Buzzwole.jpg,Bug,Fighting
Cacnea,pokemon_images/Cacnea.jpg,Grass,
Cacturne,pokemon_images/Cacturne.jpg,Grass,Dark
Calyrex,pokemon_images/Calyrex.jpg,Psychic,Grass
Camerupt,pokemon_images/Camerupt.jpg,Fire,Ground
Capsakid,pokemon_images/Capsakid.jpg,Grass,
Carbink,pokemon_images/Carbink.jpg,Rock,Fairy
Carkol,pokemon_images/Carkol.jpg,Rock,Fire
Carnivine,pokemon_images/Carnivine.jpg,Grass,
Carracosta,pokemon_images/Carracosta.jpg,Water,Rock
Carvanha,pokemon_images/Carvanha.jpg,Water,Dark
Cascoon,pokemon_images/Cascoon.jpg,Bug,
Castform,pokemon_images/Castform.jpg,Normal,
Caterpie,pokemon_images/Caterpie.jpg,Bug,
Celebi,pokemon_images/Celebi.jpg,Psychic,Grass
Celesteela,pokemon_images/Celesteela.jpg,Steel,Flying
Centiskorch,pokemon_images/Centiskorch.jpg,Fire,Bug
Ceruledge,pokemon_images/Ceruledge.jpg,Fire,Ghost
Cetitan,pokemon_images/Cetitan.jpg,Ice,
Cetoddle,pokemon_images/Cetoddle.jpg,Ice,
Chandelure,pokemon_images/Chandelure.jpg,Ghost,Fire
Chansey,pokemon_images/Chansey.jpg,Normal,
Charcadet,pokemon_images/Charcadet.jpg,Fire,
Charizard,pokemon_images/Charizard.jpg,Fire,Flying
Charjabug,pokemon_images/Charjabug.jpg,Bug,Electric
Charmander,pokemon_images/Charmander.jpg,Fire,
Charmeleon,pokemon_images/Charmeleon.jpg,Fire,
Chatot,pokemon_images/Chatot.jpg,Normal,Flying
Cherrim,pokemon_images/Cherrim.jpg,Grass,
Cherubi,pokemon_images/Cherubi.jpg,Grass,
Chesnaught,pokemon_images/Chesnaught.jpg,Grass,Fighting
Chespin,pokemon_images/Chespin.jpg,Grass,
Chewtle,pokemon_images/Chewtle.jpg,Water,
Chi-Yu,pokemon_images/Chi-Yu.jpg,Dark,Fire
Chien-Pao,pokemon_images/Chien-Pao.jpg,Dark,Ice
Chikorita,pokemon_images/Chikorita.jpg,Grass,
Chimchar,pokemon_images/Chimchar.jpg,Fire,
Chimecho,pokemon_images/Chimecho.jpg,Psychic,
Chinchou,pokemon_images/Chinchou.jpg,Water,Electric
Chingling,pokemon_images/Chingling.jpg,Psychic,
Cinccino,pokemon_images/Cinccino.jpg,Normal,
Cinderace,pokemon_images/Cinderace.jpg,Fire,
Clamperl,pokemon_images/Clamperl.jpg,Water,
Clauncher,pokemon_images/Clauncher.jpg,Water,
Clawitzer,pokemon_images/Clawitzer.jpg,Water,
Claydol,pokemon_images/Claydol.jpg,Ground,Psychic
Clefable,pokemon_images/Clefable.jpg,Fairy,
Clefairy,pokemon_images/Clefairy.jpg,Fairy,
Cleffa,pokemon_images/Cleffa.jpg,Fairy,
Clobbopus,pokemon_images/Clobbopus.jpg,Fighting,
Clodsire,pokemon_images/Clodsire.jpg,Poison,Ground
Cloyster,pokemon_images/Cloyster.jpg,Water,Ice
Coalossal,pokemon_images/Coalossal.jpg,Rock,Fire
Cobalion,pokemon_images/Cobalion.jpg,Steel,Fighting
Cofagrigus,pokemon_images/Cofagrigus.jpg,Ghost,
Combee,pokemon_images/Combee.jpg,Bug,Flying
Combusken,pokemon_images/Combusken.jpg,Fire,Fighting
Comfey,pokemon_images/Comfey.jpg,Fairy,
Conkeldurr,pokemon_images/Conkeldurr.jpg,Fighting,
Copperajah,pokemon_images/Copperajah.jpg,Steel,
Corphish,pokemon_images/Corphish.jpg,Water,
Corsola,pokemon_images/Corsola.jpg,Water,Rock
Corviknight,pokemon_images/Corviknight.jpg,Flying,Steel
Corvisquire,pokemon_images/Corvisquire.jpg,Flying,
Cosmoem,pokemon_images/Cosmoem.jpg,Psychic,
Cosmog,pokemon_images/Cosmog.jpg,Psychic,
Cottonee,pokemon_images/Cottonee.jpg,Grass,Fairy
Crabominable,pokemon_images/Crabominable.jpg,Fighting,Ice
Crabrawler,pokemon_images/Crabrawler.jpg,Fighting,
Cradily,pokemon_images/Cradily.jpg,Rock,Grass
Cramorant,pokemon_images/Cramorant.jpg,Flying,Water
Cranidos,pokemon_images/Cranidos.jpg,Rock,
Crawdaunt,pokemon_images/Crawdaunt.jpg,Water,Dark
Cresselia,pokemon_images/Cresselia.jpg,Psychic,
Croagunk,pokemon_images/Croagunk.jpg,Poison,Fighting
Crobat,pokemon_images/Crobat.jpg,Poison,Flying
Crocalor,pokemon_images/Crocalor.jpg,Fire,
Croconaw,pokemon_images/Croconaw.jpg,Water,
Crustle,pokemon_images/Crustle.jpg,Bug,Rock
Cryogonal,pokemon_images/Cryogonal.jpg,Ice,
Cubchoo,pokemon_images/Cubchoo.jpg,Ice,
Cubone,pokemon_images/Cubone.jpg,Ground,
Cufant,pokemon_images/Cufant.jpg,Steel,
Cursola,pokemon_images/Cursola.jpg,Ghost,
Cutiefly,pokemon_images/Cutiefly.jpg,Bug,Fairy
Cyclizar,pokemon_images/Cyclizar.jpg,Dragon,Normal
Cyndaquil,pokemon_images/Cyndaquil.jpg,Fire,
Dachsbun,pokemon_images/Dachsbun.jpg,Fairy,
Darkrai,pokemon_images/Darkrai.jpg,Dark,
Darmanitan,pokemon_images/Darmanitan.jpg,Fire,
Dartrix,pokemon_images/Dartrix.jpg,Grass,Flying
Darumaka,pokemon_images/Darumaka.jpg,Fire,
Decidueye,pokemon_images/Decidueye.jpg,Grass,Ghost
Dedenne,pokemon_images/Dedenne.jpg,Electric,Fairy
Deerling,pokemon_images/Deerling.jpg,Normal,Grass
Deino,pokemon_images/Deino.jpg,Dark,Dragon
Delcatty,pokemon_images/Delcatty.jpg,Normal,
Delibird,pokemon_images/Delibird.jpg,Ice,Flying
Delphox,pokemon_images/Delphox.jpg,Fire,Psychic
Deoxys,pokemon_images/Deoxys.jpg,Psychic,
Dewgong,pokemon_images/Dewgong.jpg,Water,Ice
Dewott,pokemon_images/Dewott.jpg,Water,
Dewpider,pokemon_images/Dewpider.jpg,Water,Bug
Dhelmise,pokemon_images/Dhelmise.jpg,Ghost,Grass
Dialga,pokemon_images/Dialga.jpg,Steel,Dragon
Diancie,pokemon_images/Diancie.jpg,Rock,Fairy
Diggersby,pokemon_images/Diggersby.jpg,Normal,Ground
Diglett,pokemon_images/Diglett.jpg,Ground,
Dipplin,pokemon_images/Dipplin.jpg,Grass,Dragon
Ditto,pokemon_images/Ditto.jpg,Normal,
Dodrio,pokemon_images/Dodrio.jpg,Normal,Flying
Doduo,pokemon_images/Doduo.jpg,Normal,Flying
Dolliv,pokemon_images/Dolliv.jpg,Grass,Normal
Dondozo,pokemon_images/Dondozo.jpg,Water,
Donphan,pokemon_images/Donphan.jpg,Ground,
Dottler,pokemon_images/Dottler.jpg,Bug,Psychic
Doublade,pokemon_images/Doublade.jpg,Steel,Ghost
Dracovish,pokemon_images/Dracovish.jpg,Water,Dragon
Dracozolt,pokemon_images/Dracozolt.jpg,Electric,Dragon
Dragalge,pokemon_images/Dragalge.jpg,Poison,Dragon
Dragapult,pokemon_images/Dragapult.jpg,Dragon,Ghost
Dragonair,pokemon_images/Dragonair.jpg,Dragon,
Dragonite,pokemon_images/Dragonite.jpg,Dragon,Flying
Drakloak,pokemon_images/Drakloak.jpg,Dragon,Ghost
Drampa,pokemon_images/Drampa.jpg,Normal,Dragon
Drapion,pokemon_images/Drapion.jpg,Poison,Dark
Dratini,pokemon_images/Dratini.jpg,Dragon,
Drednaw,pokemon_images/Drednaw.jpg,Water,Rock
Dreepy,pokemon_images/Dreepy.jpg,Dragon,Ghost
Drifblim,pokemon_images/Drifblim.jpg,Ghost,Flying
Drifloon,pokemon_images/Drifloon.jpg,Ghost,Flying
Drilbur,pokemon_images/Drilbur.jpg,Ground,
Drizzile,pokemon_images/Drizzile.jpg,Water,
Drowzee,pokemon_images/Drowzee.jpg,Psychic,
Druddigon,pokemon_images/Druddigon.jpg,Dragon,
Dubwool,pokemon_images/Dubwool.jpg,Normal,
Ducklett,pokemon_images/Ducklett.jpg,Water,Flying
Dudunsparce,pokemon_images/Dudunsparce.jpg,Normal,
Dugtrio,pokemon_images/Dugtrio.jpg,Ground,
Dunsparce,pokemon_images/Dunsparce.jpg,Normal,
Duosion,pokemon_images/Duosion.jpg,Psychic,
Duraludon,pokemon_images/Duraludon.jpg,Steel,Dragon
Durant,pokemon_images/Durant.jpg,Bug,Steel
Dusclops,pokemon_images/Dusclops.jpg,Ghost,
Dusknoir,pokemon_images/Dusknoir.jpg,Ghost,
Duskull,pokemon_images/Duskull.jpg,Ghost,
Dustox,pokemon_images/Dustox.jpg,Bug,Poison
Dwebble,pokemon_images/Dwebble.jpg,Bug,Rock
Eelektrik,pokemon_images/Eelektrik.jpg,Electric,
Eelektross,pokemon_images/Eelektross.jpg,Electric,
Eevee,pokemon_images/Eevee.jpg,Normal,
Eiscue,pokemon_images/eiscue-noice.jpg,Ice,
Ekans,pokemon_images/Ekans.jpg,Poison,
Eldegoss,pokemon_images/Eldegoss.jpg,Grass,
Electabuzz,pokemon_images/Electabuzz.jpg,Electric,
Electivire,pokemon_images/Electivire.jpg,Electric,
Electrike,pokemon_images/Electrike.jpg,Electric,
Electrode,pokemon_images/Electrode.jpg,Electric,
Elekid,pokemon_images/Elekid.jpg,Electric,
Elgyem,pokemon_images/Elgyem.jpg,Psychic,
Emboar,pokemon_images/Emboar.jpg,Fire,Fighting
Emolga,pokemon_images/Emolga.jpg,Electric,Flying
Empoleon,pokemon_images/Empoleon.jpg,Water,Steel
Enamorus,pokemon_images/enamorus-therian.jpg,Fairy,Flying
Entei,pokemon_images/Entei.jpg,Fire,
Escavalier,pokemon_images/Escavalier.jpg,Bug,Steel
Espathra,pokemon_images/Espathra.jpg,Psychic,
Espeon,pokemon_images/Espeon.jpg,Psychic,
Espurr,pokemon_images/Espurr.jpg,Psychic,
Eternatus,pokemon_images/Eternatus.jpg,Poison,Dragon
Excadrill,pokemon_images/Excadrill.jpg,Ground,Steel
Exeggcute,pokemon_images/Exeggcute.jpg,Grass,Psychic
Exeggutor,pokemon_images/Exeggutor.jpg,Grass,Psychic
Exploud,pokemon_images/Exploud.jpg,Normal,
Falinks,pokemon_images/Falinks.jpg,Fighting,
Farfetch'd,pokemon_images/Farfetch'd.jpg,Normal,Flying
Farigiraf,pokemon_images/Farigiraf.jpg,Normal,Psychic
Fearow,pokemon_images/Fearow.jpg,Normal,Flying
Feebas,pokemon_images/Feebas.jpg,Water,
Fennekin,pokemon_images/Fennekin.jpg,Fire,
Feraligatr,pokemon_images/Feraligatr.jpg,Water,
Ferroseed,pokemon_images/Ferroseed.jpg,Grass,Steel
Ferrothorn,pokemon_images/Ferrothorn.jpg,Grass,Steel
Fezandipiti,pokemon_images/Fezandipiti.jpg,Poison,Fairy
Fidough,pokemon_images/Fidough.jpg,Fairy,
Finizen,pokemon_images/Finizen.jpg,Water,
Finneon,pokemon_images/Finneon.jpg,Water,
Flaaffy,pokemon_images/Flaaffy.jpg,Electric,
Flabébé,pokemon_images/flabebe.jpg,Fairy,
Flamigo,pokemon_images/Flamigo.jpg,Flying,Fighting
Flapple,pokemon_images/Flapple.jpg,Grass,Dragon
Flareon,pokemon_images/Flareon.jpg,Fire,
Fletchinder,pokemon_images/Fletchinder.jpg,Fire,Flying
Fletchling,pokemon_images/Fletchling.jpg,Normal,Flying
Flittle,pokemon_images/Flittle.jpg,Psychic,
Floatzel,pokemon_images/Floatzel.jpg,Water,
Floette,pokemon_images/Floette.jpg,Fairy,
Floragato,pokemon_images/Floragato.jpg,Grass,
Florges,pokemon_images/Florges.jpg,Fairy,
Flutter Mane,pokemon_images/Flutter Mane.jpg,Ghost,Fairy
Flygon,pokemon_images/Flygon.jpg,Ground,Dragon
Fomantis,pokemon_images/Fomantis.jpg,Grass,
Foongus,pokemon_images/Foongus.jpg,Grass,Poison
Forretress,pokemon_images/Forretress.jpg,Bug,Steel
Fraxure,pokemon_images/Fraxure.jpg,Dragon,
Frigibax,pokemon_images/Frigibax.jpg,Dragon,Ice
Frillish,pokemon_images/Frillish.jpg,Water,Ghost
Froakie,pokemon_images/Froakie.jpg,Water,
Frogadier,pokemon_images/Frogadier.jpg,Water,
Froslass,pokemon_images/Froslass.jpg,Ice,Ghost
Frosmoth,pokemon_images/Frosmoth.jpg,Ice,Bug
Fuecoco,pokemon_images/Fuecoco.jpg,Fire,
Furfrou,pokemon_images/Furfrou.jpg,Normal,
Furret,pokemon_images/Furret.jpg,Normal,
Gabite,pokemon_images/Gabite.jpg,Dragon,Ground
Gallade,pokemon_images/Gallade.jpg,Psychic,Fighting
Galvantula,pokemon_images/Galvantula.jpg,Bug,Electric
Garbodor,pokemon_images/Garbodor.jpg,Poison,
Garchomp,pokemon_images/Garchomp.jpg,Dragon,Ground
Gardevoir,pokemon_images/Gardevoir.jpg,Psychic,Fairy
Garganacl,pokemon_images/Garganacl.jpg,Rock,
Gastly,pokemon_images/Gastly.jpg,Ghost,Poison
Gastrodon,pokemon_images/Gastrodon.jpg,Water,Ground
Genesect,pokemon_images/Genesect.jpg,Bug,Steel
Gengar,pokemon_images/Gengar.jpg,Ghost,Poison
Geodude,pokemon_images/Geodude.jpg,Rock,Ground
Gholdengo,pokemon_images/Gholdengo.jpg,Steel,Ghost
Gible,pokemon_images/Gible.jpg,Dragon,Ground
Gigalith,pokemon_images/Gigalith.jpg,Rock,
Gimmighoul,pokemon_images/Gimmighoul.jpg,Ghost,
Girafarig,pokemon_images/Girafarig.jpg,Normal,Psychic
Giratina,pokemon_images/giratina-origin.jpg,Ghost,Dragon
Glaceon,pokemon_images/Glaceon.jpg,Ice,
Glalie,pokemon_images/Glalie.jpg,Ice,
Glameow,pokemon_images/Glameow.jpg,Normal,
Glastrier,pokemon_images/Glastrier.jpg,Ice,
Gligar,pokemon_images/Gligar.jpg,Ground,Flying
Glimmet,pokemon_images/Glimmet.jpg,Rock,Poison
Glimmora,pokemon_images/Glimmora.jpg,Rock,Poison
Gliscor,pokemon_images/Gliscor.jpg,Ground,Flying
Gloom,pokemon_images/Gloom.jpg,Grass,Poison
Gogoat,pokemon_images/Gogoat.jpg,Grass,
Golbat,pokemon_images/Golbat.jpg,Poison,Flying
Goldeen,pokemon_images/Goldeen.jpg,Water,
Golduck,pokemon_images/Golduck.jpg,Water,
Golem,pokemon_images/Golem.jpg,Rock,Ground
Golett,pokemon_images/Golett.jpg,Ground,Ghost
Golisopod,pokemon_images/Golisopod.jpg,Bug,Water
Golurk,pokemon_images/Golurk.jpg,Ground,Ghost
Goodra,pokemon_images/Goodra.jpg,Dragon,
Goomy,pokemon_images/Goomy.jpg,Dragon,
Gorebyss,pokemon_images/Gorebyss.jpg,Water,
Gossifleur,pokemon_images/Gossifleur.jpg,Grass,
Gothita,pokemon_images/Gothita.jpg,Psychic,
Gothitelle,pokemon_images/Gothitelle.jpg,Psychic,
Gothorita,pokemon_images/Gothorita.jpg,Psychic,
Gourgeist,pokemon_images/Gourgeist.jpg,Ghost,Grass
Grafaiai,pokemon_images/Grafaiai.jpg,Poison,Normal
Granbull,pokemon_images/Granbull.jpg,Fairy,
Grapploct,pokemon_images/Grapploct.jpg,Fighting,
Graveler,pokemon_images/Graveler.jpg,Rock,Ground
Great Tusk,pokemon_images/Great Tusk.jpg,Ground,Fighting
Greavard,pokemon_images/Greavard.jpg,Ghost,
Greedent,pokemon_images/Greedent.jpg,Normal,
Greninja,pokemon_images/Greninja.jpg,Water,Dark
Grimer,pokemon_images/Grimer.jpg,Poison,
Grimmsnarl,pokemon_images/Grimmsnarl.jpg,Dark,Fairy
Grookey,pokemon_images/Grookey.jpg,Grass,
Grotle,pokemon_images/Grotle.jpg,Grass,
Groudon,pokemon_images/Groudon.jpg,Ground,
Grovyle,pokemon_images/Grovyle.jpg,Grass,
Growlithe,pokemon_images/Growlithe.jpg,Fire,
Grubbin,pokemon_images/Grubbin.jpg,Bug,
Grumpig,pokemon_images/Grumpig.jpg,Psychic,
Gulpin,pokemon_images/Gulpin.jpg,Poison,
Gumshoos,pokemon_images/Gumshoos.jpg,Normal,
Gurdurr,pokemon_images/Gurdurr.jpg,Fighting,
Guzzlord,pokemon_images/Guzzlord.jpg,Dark,Dragon
Gyarados,pokemon_images/Gyarados.jpg,Water,Flying
Hakamo-o,pokemon_images/Hakamo-o.jpg,Dragon,Fighting
Happiny,pokemon_images/Happiny.jpg,Normal,
Hariyama,pokemon_images/Hariyama.jpg,Fighting,
Hatenna,pokemon_images/Hatenna.jpg,Psychic,
Hatterene,pokemon_images/Hatterene.jpg,Psychic,Fairy
Hattrem,pokemon_images/Hattrem.jpg,Psychic,
Haunter,pokemon_images/Haunter.jpg,Ghost,Poison
Hawlucha,pokemon_images/Hawlucha.jpg,Fighting,Flying
Haxorus,pokemon_images/Haxorus.jpg,Dragon,
Heatmor,pokemon_images/Heatmor.jpg,Fire,
Heatran,pokemon_images/Heatran.jpg,Fire,Steel
Heliolisk,pokemon_images/Heliolisk.jpg,Electric,Normal
Helioptile,pokemon_images/Helioptile.jpg,Electric,Normal
Heracross,pokemon_images/Heracross.jpg,Bug,Fighting
Herdier,pokemon_images/Herdier.jpg,Normal,
Hippopotas,pokemon_images/Hippopotas.jpg,Ground,
Hippowdon,pokemon_images/Hippowdon.jpg,Ground,
Hitmonchan,pokemon_images/Hitmonchan.jpg,Fighting,
Hitmonlee,pokemon_images/Hitmonlee.jpg,Fighting,
Hitmontop,pokemon_images/Hitmontop.jpg,Fighting,
Ho-oh,pokemon_images/Ho-oh.jpg,Fire,Flying
Honchkrow,pokemon_images/Honchkrow.jpg,Dark,Flying
Honedge,pokemon_images/Honedge.jpg,Steel,Ghost
Hoopa,pokemon_images/Hoopa.jpg,Psychic,Ghost
Hoothoot,pokemon_images/Hoothoot.jpg,Normal,Flying
Hoppip,pokemon_images/Hoppip.jpg,Grass,Flying
Horsea,pokemon_images/Horsea.jpg,Water,
Houndoom,pokemon_images/Houndoom.jpg,Dark,Fire
Houndour,pokemon_images/Houndour.jpg,Dark,Fire
Houndstone,pokemon_images/Houndstone.jpg,Ghost,
Huntail,pokemon_images/Huntail.jpg,Water,
Hydreigon,pokemon_images/Hydreigon.jpg,Dark,Dragon
Hypno,pokemon_images/Hypno.jpg,Psychic,
Igglybuff,pokemon_images/Igglybuff.jpg,Normal,Fairy
Illumise,pokemon_images/Illumise.jpg,Bug,
Impidimp,pokemon_images/Impidimp.jpg,Dark,Fairy
Incineroar,pokemon_images/Incineroar.jpg,Fire,Dark
Indeedee,pokemon_images/Indeedee.jpg,Psychic,Normal
Infernape,pokemon_images/Infernape.jpg,Fire,Fighting
Inkay,pokemon_images/Inkay.jpg,Dark,Psychic
Inteleon,pokemon_images/Inteleon.jpg,Water,
Iron Bundle,pokemon_images/Iron Bundle.jpg,Ice,Water
Iron Crown,pokemon_images/Iron Crown.jpg,Steel,Psychic
Iron Hands,pokemon_images/Iron Hands.jpg,Fighting,Electric
Iron Jugulis,pokemon_images/Iron Jugulis.jpg,Dark,Flying
Iron Leaves,pokemon_images/Iron Leaves.jpg,Grass,Psychic
Iron Moth,pokemon_images/Iron Moth.jpg,Fire,Poison
Iron Thorns,pokemon_images/Iron Thorns.jpg,Rock,Electric
Iron Treads,pokemon_images/Iron Treads.jpg,Ground,Steel
Iron Valiant,pokemon_images/Iron Valiant.jpg,Fairy,Fighting
Ivysaur,pokemon_images/Ivysaur.jpg,Grass,Poison
Jangmo-o,pokemon_images/Jangmo-o.jpg,Dragon,
Jellicent,pokemon_images/Jellicent.jpg,Water,Ghost
Jigglypuff,pokemon_images/Jigglypuff.jpg,Normal,Fairy
Jirachi,pokemon_images/Jirachi.jpg,Steel,Psychic
Jolteon,pokemon_images/Jolteon.jpg,Electric,
Joltik,pokemon_images/Joltik.jpg,Bug,Electric
Jumpluff,pokemon_images/Jumpluff.jpg,Grass,Flying
Jynx,pokemon_images/Jynx.jpg,Ice,Psychic
Kabuto,pokemon_images/Kabuto.jpg,Rock,Water
Kabutops,pokemon_images/Kabutops.jpg,Rock,Water
Kadabra,pokemon_images/Kadabra.jpg,Psychic,
Kakuna,pokemon_images/Kakuna.jpg,Bug,Poison
Kangaskhan,pokemon_images/Kangaskhan.jpg,Normal,
Karrablast,pokemon_images/Karrablast.jpg,Bug,
Kartana,pokemon_images/Kartana.jpg,Grass,Steel
Kecleon,pokemon_images/Kecleon.jpg,Normal,
Keldeo,pokemon_images/Keldeo.jpg,Water,Fighting
Kilowattrel,pokemon_images/Kilowattrel.jpg,Electric,Flying
Kingambit,pokemon_images/Kingambit.jpg,Dark,Steel
Kingdra,pokemon_images/Kingdra.jpg,Water,Dragon
Kingler,pokemon_images/Kingler.jpg,Water,
Kirlia,pokemon_images/Kirlia.jpg,Psychic,Fairy
Klang,pokemon_images/Klang.jpg,Steel,
Klawf,pokemon_images/Klawf.jpg,Rock,
Kleavor,pokemon_images/Kleavor.jpg,Bug,Rock
Klefki,pokemon_images/Klefki.jpg,Steel,Fairy
Klink,pokemon_images/Klink.jpg,Steel,
Klinklang,pokemon_images/Klinklang.jpg,Steel,
Koffing,pokemon_images/Koffing.jpg,Poison,
Komala,pokemon_images/Komala.jpg,Normal,
Kommo-o,pokemon_images/Kommo-o.jpg,Dragon,Fighting
Koraidon,pokemon_images/Koraidon.jpg,Fighting,Dragon
Krabby,pokemon_images/Krabby.jpg,Water,
Kricketot,pokemon_images/Kricketot.jpg,Bug,
Kricketune,pokemon_images/Kricketune.jpg,Bug,
Krokorok,pokemon_images/Krokorok.jpg,Ground,Dark
Krookodile,pokemon_images/Krookodile.jpg,Ground,Dark
Kubfu,pokemon_images/Kubfu.jpg,Fighting,
Kyogre,pokemon_images/Kyogre.jpg,Water,
Kyurem,pokemon_images/Kyurem.jpg,Dragon,Ice
Lairon,pokemon_images/Lairon.jpg,Steel,Rock
Lampent,pokemon_images/Lampent.jpg,Ghost,Fire
Landorus,pokemon_images/Landorus.jpg,Ground,Flying
Lanturn,pokemon_images/Lanturn.jpg,Water,Electric
Lapras,pokemon_images/Lapras.jpg,Water,Ice
Larvesta,pokemon_images/Larvesta.jpg,Bug,Fire
Larvitar,pokemon_images/Larvitar.jpg,Rock,Ground
Latias,pokemon_images/Latias.jpg,Dragon,Psychic
Latios,pokemon_images/Latios.jpg,Dragon,Psychic
Leafeon,pokemon_images/Leafeon.jpg,Grass,
Leavanny,pokemon_images/Leavanny.jpg,Bug,Grass
Lechonk,pokemon_images/Lechonk.jpg,Normal,
Ledian,pokemon_images/Ledian.jpg,Bug,Flying
Ledyba,pokemon_images/Ledyba.jpg,Bug,Flying
Lickilicky,pokemon_images/Lickilicky.jpg,Normal,
Lickitung,pokemon_images/Lickitung.jpg,Normal,
Liepard,pokemon_images/Liepard.jpg,Dark,
Lileep,pokemon_images/Lileep.jpg,Rock,Grass
Lilligant,pokemon_images/Lilligant.jpg,Grass,
Lillipup,pokemon_images/Lillipup.jpg,Normal,
Linoone,pokemon_images/Linoone.jpg,Normal,
Litleo,pokemon_images/Litleo.jpg,Fire,Normal
Litten,pokemon_images/Litten.jpg,Fire,
Litwick,pokemon_images/Litwick.jpg,Ghost,Fire
Lokix,pokemon_images/Lokix.jpg,Bug,Dark
Lombre,pokemon_images/Lombre.jpg,Water,Grass
Lopunny,pokemon_images/Lopunny.jpg,Normal,
Lotad,pokemon_images/Lotad.jpg,Water,Grass
Loudred,pokemon_images/Loudred.jpg,Normal,
Lucario,pokemon_images/Lucario.jpg,Fighting,Steel
Ludicolo,pokemon_images/Ludicolo.jpg,Water,Grass
Lugia,pokemon_images/Lugia.jpg,Psychic,Flying
Lumineon,pokemon_images/Lumineon.jpg,Water,
Lunala,pokemon_images/Lunala.jpg,Psychic,Ghost
Lunatone,pokemon_images/Lunatone.jpg,Rock,Psychic
Lurantis,pokemon_images/Lurantis.jpg,Grass,
Luvdisc,pokemon_images/Luvdisc.jpg,Water,
Luxio,pokemon_images/Luxio.jpg,Electric,
Luxray,pokemon_images/Luxray.jpg,Electric,
Lycanroc,pokemon_images/lycanroc-midnight.jpg,Rock,
Mabosstiff,pokemon_images/Mabosstiff.jpg,Dark,
Machamp,pokemon_images/Machamp.jpg,Fighting,
Machoke,pokemon_images/Machoke.jpg,Fighting,
Machop,pokemon_images/Machop.jpg,Fighting,
Magby,pokemon_images/Magby.jpg,Fire,
Magcargo,pokemon_images/Magcargo.jpg,Fire,Rock
Magearna,pokemon_images/Magearna.jpg,Steel,Fairy
Magikarp,pokemon_images/Magikarp.jpg,Water,
Magmar,pokemon_images/Magmar.jpg,Fire,
Magmortar,pokemon_images/Magmortar.jpg,Fire,
Magnemite,pokemon_images/Magnemite.jpg,Electric,Steel
Magneton,pokemon_images/Magneton.jpg,Electric,Steel
Magnezone,pokemon_images/Magnezone.jpg,Electric,Steel
Makuhita,pokemon_images/Makuhita.jpg,Fighting,
Malamar,pokemon_images/Malamar.jpg,Dark,Psychic
Mamoswine,pokemon_images/Mamoswine.jpg,Ice,Ground
Manaphy,pokemon_images/Manaphy.jpg,Water,
Mandibuzz,pokemon_images/Mandibuzz.jpg,Dark,Flying
Manectric,pokemon_images/Manectric.jpg,Electric,
Mankey,pokemon_images/Mankey.jpg,Fighting,
Mantine,pokemon_images/Mantine.jpg,Water,Flying
Mantyke,pokemon_images/Mantyke.jpg,Water,Flying
Maractus,pokemon_images/Maractus.jpg,Grass,
Mareanie,pokemon_images/Mareanie.jpg,Poison,Water
Mareep,pokemon_images/Mareep.jpg,Electric,
Marill,pokemon_images/Marill.jpg,Water,Fairy
Marowak,pokemon_images/Marowak.jpg,Ground,
Marshadow,pokemon_images/Marshadow.jpg,Fighting,Ghost
Marshtomp,pokemon_images/Marshtomp.jpg,Water,Ground
Maschiff,pokemon_images/Maschiff.jpg,Dark,
Masquerain,pokemon_images/Masquerain.jpg,Bug,Flying
Maushold,pokemon_images/Maushold.jpg,Normal,
Mawile,pokemon_images/Mawile.jpg,Steel,Fairy
Medicham,pokemon_images/Medicham.jpg,Fighting,Psychic
Meditite,pokemon_images/Meditite.jpg,Fighting,Psychic
Meganium,pokemon_images/Meganium.jpg,Grass,
Melmetal,pokemon_images/Melmetal.jpg,Steel,
Meloetta,pokemon_images/Meloetta.jpg,Normal,Psychic
Meltan,pokemon_images/Meltan.jpg,Steel,
Meowscarada,pokemon_images/Meowscarada.jpg,Grass,Dark
Meowstic,pokemon_images/Meowstic.jpg,Psychic,
Meowth,pokemon_images/Meowth.jpg,Normal,
Mesprit,pokemon_images/Mesprit.jpg,Psychic,
Metagross,pokemon_images/Metagross.jpg,Steel,Psychic
Metang,pokemon_images/Metang.jpg,Steel,Psychic
Metapod,pokemon_images/Metapod.jpg,Bug,
Mew,pokemon_images/Mew.jpg,Psychic,
Mewtwo,pokemon_images/Mewtwo.jpg,Psychic,
Mienfoo,pokemon_images/Mienfoo.jpg,Fighting,
Mienshao,pokemon_images/Mienshao.jpg,Fighting,
Mightyena,pokemon_images/Mightyena.jpg,Dark,
Milcery,pokemon_images/Milcery.jpg,Fairy,
Milotic,pokemon_images/Milotic.jpg,Water,
Miltank,pokemon_images/Miltank.jpg,Normal,
Mime Jr.,pokemon_images/Mime Jr..jpg,Psychic,Fairy
Mimikyu,pokemon_images/Mimikyu.jpg,Ghost,Fairy
Minccino,pokemon_images/Minccino.jpg,Normal,
Minior,pokemon_images/Minior.jpg,Rock,Flying
Minun,pokemon_images/Minun.jpg,Electric,
Miraidon,pokemon_images/Miraidon.jpg,Electric,Dragon
Misdreavus,pokemon_images/Misdreavus.jpg,Ghost,
Mismagius,pokemon_images/Mismagius.jpg,Ghost,
Moltres,pokemon_images/Moltres.jpg,Fire,Flying
Monferno,pokemon_images/Monferno.jpg,Fire,Fighting
Morelull,pokemon_images/Morelull.jpg,Grass,Fairy
Morgrem,pokemon_images/Morgrem.jpg,Dark,Fairy
Morpeko,pokemon_images/morpeko-full-belly.jpg,Electric,Dark
Mothim,pokemon_images/Mothim.jpg,Bug,Flying
Mr. Mime,pokemon_images/Mr. Mime.jpg,Psychic,Fairy
Mr. Rime,pokemon_images/Mr. Rime.jpg,Ice,Psychic
Mudbray,pokemon_images/Mudbray.jpg,Ground,
Mudkip,pokemon_images/Mudkip.jpg,Water,
Mudsdale,pokemon_images/Mudsdale.jpg,Ground,
Muk,pokemon_images/Muk.jpg,Poison,
Munchlax,pokemon_images/Munchlax.jpg,Normal,
Munkidori,pokemon_images/Munkidori.jpg,Poison,Psychic
Munna,pokemon_images/Munna.jpg,Psychic,
Murkrow,pokemon_images/Murkrow.jpg,Dark,Flying
Musharna,pokemon_images/Musharna.jpg,Psychic,
Nacli,pokemon_images/Nacli.jpg,Rock,
Naclstack,pokemon_images/Naclstack.jpg,Rock,
Naganadel,pokemon_images/Naganadel.jpg,Poison,Dragon
Natu,pokemon_images/Natu.jpg,Psychic,Flying
Necrozma,pokemon_images/Necrozma.jpg,Psychic,
Nickit,pokemon_images/Nickit.jpg,Dark,
Nidoking,pokemon_images/Nidoking.jpg,Poison,Ground
Nidoqueen,pokemon_images/Nidoqueen.jpg,Poison,Ground
Nidoran♀ (female),pokemon_images/nidoran-f.jpg,Poison,
Nidoran♂ (male),pokemon_images/nidoran-m.jpg,Poison,
Nidorina,pokemon_images/Nidorina.jpg,Poison,
Nidorino,pokemon_images/Nidorino.jpg,Poison,
Nihilego,pokemon_images/Nihilego.jpg,Rock,Poison
Nincada,pokemon_images/Nincada.jpg,Bug,Ground
Ninetales,pokemon_images/Ninetales.jpg,Fire,
Ninjask,pokemon_images/Ninjask.jpg,Bug,Flying
Noctowl,pokemon_images/Noctowl.jpg,Normal,Flying
Noibat,pokemon_images/Noibat.jpg,Flying,Dragon
Noivern,pokemon_images/Noivern.jpg,Flying,Dragon
Nosepass,pokemon_images/Nosepass.jpg,Rock,
Numel,pokemon_images/Numel.jpg,Fire,Ground
Nuzleaf,pokemon_images/Nuzleaf.jpg,Grass,Dark
Nymble,pokemon_images/Nymble.jpg,Bug,
Obstagoon,pokemon_images/Obstagoon.jpg,Dark,Normal
Octillery,pokemon_images/Octillery.jpg,Water,
Oddish,pokemon_images/Oddish.jpg,Grass,Poison
Ogerpon,pokemon_images/Ogerpon.jpg,Grass,
Oinkologne,pokemon_images/Oinkologne.jpg,Normal,
Okidogi,pokemon_images/Okidogi.jpg,Poison,Fighting
Omanyte,pokemon_images/Omanyte.jpg,Rock,Water
Omastar,pokemon_images/Omastar.jpg,Rock,Water
Onix,pokemon_images/Onix.jpg,Rock,Ground
Oranguru,pokemon_images/Oranguru.jpg,Normal,Psychic
Orbeetle,pokemon_images/Orbeetle.jpg,Bug,Psychic
Oricorio,pokemon_images/oricorio-baile.jpg,Fire,Flying
Orthworm,pokemon_images/Orthworm.jpg,Steel,
Oshawott,pokemon_images/Oshawott.jpg,Water,
Overqwil,pokemon_images/Overqwil.jpg,Dark,Poison
Pachirisu,pokemon_images/Pachirisu.jpg,Electric,
Palafin,pokemon_images/Palafin.jpg,Water,
Palkia,pokemon_images/Palkia.jpg,Water,Dragon
Palossand,pokemon_images/Palossand.jpg,Ghost,Ground
Palpitoad,pokemon_images/Palpitoad.jpg,Water,Ground
Pancham,pokemon_images/Pancham.jpg,Fighting,
Pangoro,pokemon_images/Pangoro.jpg,Fighting,Dark
Panpour,pokemon_images/Panpour.jpg,Water,
Pansage,pokemon_images/Pansage.jpg,Grass,
Pansear,pokemon_images/Pansear.jpg,Fire,
Paras,pokemon_images/Paras.jpg,Bug,Grass
Parasect,pokemon_images/Parasect.jpg,Bug,Grass
Passimian,pokemon_images/Passimian.jpg,Fighting,
Patrat,pokemon_images/Patrat.jpg,Normal,
Pawmi,pokemon_images/Pawmi.jpg,Electric,
Pawmo,pokemon_images/Pawmo.jpg,Electric,Fighting
Pawmot,pokemon_images/Pawmot.jpg,Electric,Fighting
Pawniard,pokemon_images/Pawniard.jpg,Dark,Steel
Pecharunt,pokemon_images/Pecharunt.jpg,Poison,Ghost
Pelipper,pokemon_images/Pelipper.jpg,Water,Flying
Perrserker,pokemon_images/Perrserker.jpg,Steel,
Persian,pokemon_images/Persian.jpg,Normal,
Petilil,pokemon_images/Petilil.jpg,Grass,
Phanpy,pokemon_images/Phanpy.jpg,Ground,
Phantump,pokemon_images/Phantump.jpg,Ghost,Grass
Pheromosa,pokemon_images/Pheromosa.jpg,Bug,Fighting
Phione,pokemon_images/Phione.jpg,Water,
Pichu,pokemon_images/Pichu.jpg,Electric,
Pidgeot,pokemon_images/Pidgeot.jpg,Normal,Flying
Pidgeotto,pokemon_images/Pidgeotto.jpg,Normal,Flying
Pidgey,pokemon_images/Pidgey.jpg,Normal,Flying
Pidove,pokemon_images/Pidove.jpg,Normal,Flying
Pignite,pokemon_images/Pignite.jpg,Fire,Fighting
Pikachu,pokemon_images/Pikachu.jpg,Electric,
Pikipek,pokemon_images/Pikipek.jpg,Normal,Flying
Piloswine,pokemon_images/Piloswine.jpg,Ice,Ground
Pincurchin,pokemon_images/Pincurchin.jpg,Electric,
Pineco,pokemon_images/Pineco.jpg,Bug,
Pinsir,pokemon_images/Pinsir.jpg,Bug,
Piplup,pokemon_images/Piplup.jpg,Water,
Plusle,pokemon_images/Plusle.jpg,Electric,
Poipole,pokemon_images/Poipole.jpg,Poison,
Politoed,pokemon_images/Politoed.jpg,Water,
Poliwag,pokemon_images/Poliwag.jpg,Water,
Poliwhirl,pokemon_images/Poliwhirl.jpg,Water,
Poliwrath,pokemon_images/Poliwrath.jpg,Water,Fighting
Poltchageist,pokemon_images/Poltchageist.jpg,Grass,Ghost
Polteageist,pokemon_images/Polteageist.jpg,Ghost,
Ponyta,pokemon_images/Ponyta.jpg,Fire,
Poochyena,pokemon_images/Poochyena.jpg,Dark,
Popplio,pokemon_images/Popplio.jpg,Water,
Porygon,pokemon_images/Porygon.jpg,Normal,
Porygon-Z,pokemon_images/Porygon-Z.jpg,Normal,
Porygon2,pokemon_images/Porygon2.jpg,Normal,
Primarina,pokemon_images/Primarina.jpg,Water,Fairy
Primeape,pokemon_images/Primeape.jpg,Fighting,
Prinplup,pokemon_images/Prinplup.jpg,Water,
Probopass,pokemon_images/Probopass.jpg,Rock,Steel
Psyduck,pokemon_images/Psyduck.jpg,Water,
Pumpkaboo,pokemon_images/Pumpkaboo.jpg,Ghost,Grass
Pupitar,pokemon_images/Pupitar.jpg,Rock,Ground
Purrloin,pokemon_images/Purrloin.jpg,Dark,
Purugly,pokemon_images/Purugly.jpg,Normal,
Pyroar,pokemon_images/Pyroar.jpg,Fire,Normal
Pyukumuku,pokemon_images/Pyukumuku.jpg,Water,
Quagsire,pokemon_images/Quagsire.jpg,Water,Ground
Quaquaval,pokemon_images/Quaquaval.jpg,Water,Fighting
Quaxly,pokemon_images/Quaxly.jpg,Water,
Quaxwell,pokemon_images/Quaxwell.jpg,Water,
Quilava,pokemon_images/Quilava.jpg,Fire,
Quilladin,pokemon_images/Quilladin.jpg,Grass,
Qwilfish,pokemon_images/Qwilfish.jpg,Water,Poison
Raboot,pokemon_images/Raboot.jpg,Fire,
Rabsca,pokemon_images/Rabsca.jpg,Bug,Psychic
Raging Bolt,pokemon_images/Raging Bolt.jpg,Electric,Dragon
Raichu,pokemon_images/Raichu.jpg,Electric,
Raikou,pokemon_images/Raikou.jpg,Electric,
Ralts,pokemon_images/Ralts.jpg,Psychic,Fairy
Rampardos,pokemon_images/Rampardos.jpg,Rock,
Rapidash,pokemon_images/Rapidash.jpg,Fire,
Raticate,pokemon_images/Raticate.jpg,Normal,
Rattata,pokemon_images/Rattata.jpg,Normal,
Rayquaza,pokemon_images/Rayquaza.jpg,Dragon,Flying
Regice,pokemon_images/Regice.jpg,Ice,
Regidrago,pokemon_images/Regidrago.jpg,Dragon,
Regieleki,pokemon_images/Regieleki.jpg,Electric,
Regigigas,pokemon_images/Regigigas.jpg,Normal,
Regirock,pokemon_images/Regirock.jpg,Rock,
Registeel,pokemon_images/Registeel.jpg,Steel,
Relicanth,pokemon_images/Relicanth.jpg,Water,Rock
Rellor,pokemon_images/Rellor.jpg,Bug,
Remoraid,pokemon_images/Remoraid.jpg,Water,
Reshiram,pokemon_images/Reshiram.jpg,Dragon,Fire
Reuniclus,pokemon_images/Reuniclus.jpg,Psychic,
Revavroom,pokemon_images/Revavroom.jpg,Steel,Poison
Rhydon,pokemon_images/Rhydon.jpg,Ground,Rock
Rhyhorn,pokemon_images/Rhyhorn.jpg,Ground,Rock
Rhyperior,pokemon_images/Rhyperior.jpg,Ground,Rock
Ribombee,pokemon_images/Ribombee.jpg,Bug,Fairy
Rillaboom,pokemon_images/Rillaboom.jpg,Grass,
Riolu,pokemon_images/Riolu.jpg,Fighting,
Roaring Moon,pokemon_images/Roaring Moon.jpg,Dragon,Dark
Rockruff,pokemon_images/Rockruff.jpg,Rock,
Roggenrola,pokemon_images/Roggenrola.jpg,Rock,
Rolycoly,pokemon_images/Rolycoly.jpg,Rock,
Rookidee,pokemon_images/Rookidee.jpg,Flying,
Roselia,pokemon_images/Roselia.jpg,Grass,Poison
Roserade,pokemon_images/Roserade.jpg,Grass,Poison
Rotom,pokemon_images/Rotom.jpg,Electric,Ghost
Rowlet,pokemon_images/Rowlet.jpg,Grass,Flying
Rufflet,pokemon_images/Rufflet.jpg,Normal,Flying
Runerigus,pokemon_images/Runerigus.jpg,Ground,Ghost
Sableye,pokemon_images/Sableye.jpg,Dark,Ghost
Salamence,pokemon_images/Salamence.jpg,Dragon,Flying
Salandit,pokemon_images/Salandit.jpg,Poison,Fire
Salazzle,pokemon_images/Salazzle.jpg,Poison,Fire
Samurott,pokemon_images/Samurott.jpg,Water,
Sandaconda,pokemon_images/Sandaconda.jpg,Ground,
Sandile,pokemon_images/Sandile.jpg,Ground,Dark
Sandshrew,pokemon_images/Sandshrew.jpg,Ground,
Sandslash,pokemon_images/Sandslash.jpg,Ground,
Sandy Shocks,pokemon_images/Sandy Shocks.jpg,Electric,Ground
Sandygast,pokemon_images/Sandygast.jpg,Ghost,Ground
Sawk,pokemon_images/Sawk.jpg,Fighting,
Sawsbuck,pokemon_images/Sawsbuck.jpg,Normal,Grass
Scatterbug,pokemon_images/Scatterbug.jpg,Bug,
Sceptile,pokemon_images/Sceptile.jpg,Grass,
Scizor,pokemon_images/Scizor.jpg,Bug,Steel
Scolipede,pokemon_images/Scolipede.jpg,Bug,Poison
Scorbunny,pokemon_images/Scorbunny.jpg,Fire,
Scovillain,pokemon_images/Scovillain.jpg,Grass,Fire
Scrafty,pokemon_images/Scrafty.jpg,Dark,Fighting
Scraggy,pokemon_images/Scraggy.jpg,Dark,Fighting
Scream Tail,pokemon_images/Scream Tail.jpg,Fairy,Psychic
Scyther,pokemon_images/Scyther.jpg,Bug,Flying
Seadra,pokemon_images/Seadra.jpg,Water,
Seaking,pokemon_images/Seaking.jpg,Water,
Sealeo,pokemon_images/Sealeo.jpg,Ice,Water
Seedot,pokemon_images/Seedot.jpg,Grass,
Seel,pokemon_images/Seel.jpg,Water,
Seismitoad,pokemon_images/Seismitoad.jpg,Water,Ground
Sentret,pokemon_images/Sentret.jpg,Normal,
Serperior,pokemon_images/Serperior.jpg,Grass,
Servine,pokemon_images/Servine.jpg,Grass,
Seviper,pokemon_images/Seviper.jpg,Poison,
Sewaddle,pokemon_images/Sewaddle.jpg,Bug,Grass
Sharpedo,pokemon_images/Sharpedo.jpg,Water,Dark
Shaymin,pokemon_images/shaymin-land.jpg,Grass,
Shedinja,pokemon_images/Shedinja.jpg,Bug,Ghost
Shelgon,pokemon_images/Shelgon.jpg,Dragon,
Shellder,pokemon_images/Shellder.jpg,Water,
Shellos,pokemon_images/Shellos.jpg,Water,
Shelmet,pokemon_images/Shelmet.jpg,Bug,
Shieldon,pokemon_images/Shieldon.jpg,Rock,Steel
Shiftry,pokemon_images/Shiftry.jpg,Grass,Dark
Shiinotic,pokemon_images/Shiinotic.jpg,Grass,Fairy
Shinx,pokemon_images/Shinx.jpg,Electric,
Shroodle,pokemon_images/Shroodle.jpg,Poison,Normal
Shroomish,pokemon_images/Shroomish.jpg,Grass,
Shuckle,pokemon_images/Shuckle.jpg,Bug,Rock
Shuppet,pokemon_images/Shuppet.jpg,Ghost,
Sigilyph,pokemon_images/Sigilyph.jpg,Psychic,Flying
Silcoon,pokemon_images/Silcoon.jpg,Bug,
Silicobra,pokemon_images/Silicobra.jpg,Ground,
Silvally,pokemon_images/Silvally.jpg,Normal,
Simipour,pokemon_images/Simipour.jpg,Water,
Simisage,pokemon_images/Simisage.jpg,Grass,
Simisear,pokemon_images/Simisear.jpg,Fire,
Sinistea,pokemon_images/Sinistea.jpg,Ghost,
Sirfetch'd,pokemon_images/Sirfetch'd.jpg,Fighting,
Sizzlipede,pokemon_images/Sizzlipede.jpg,Fire,Bug
Skarmory,pokemon_images/Skarmory.jpg,Steel,Flying
Skeledirge,pokemon_images/Skeledirge.jpg,Fire,Ghost
Skiddo,pokemon_images/Skiddo.jpg,Grass,
Skiploom,pokemon_images/Skiploom.jpg,Grass,Flying
Skitty,pokemon_images/Skitty.jpg,Normal,
Skorupi,pokemon_images/Skorupi.jpg,Poison,Bug
Skrelp,pokemon_images/Skrelp.jpg,Poison,Water
Skuntank,pokemon_images/Skuntank.jpg,Poison,Dark
Skwovet,pokemon_images/Skwovet.jpg,Normal,
Slaking,pokemon_images/Slaking.jpg,Normal,
Slakoth,pokemon_images/Slakoth.jpg,Normal,
Sliggoo,pokemon_images/Sliggoo.jpg,Dragon,
Slither Wing,pokemon_images/Slither Wing.jpg,Bug,Fighting
Slowbro,pokemon_images/Slowbro.jpg,Water,Psychic
Slowking,pokemon_images/Slowking.jpg,Water,Psychic
Slowpoke,pokemon_images/Slowpoke.jpg,Water,Psychic
Slugma,pokemon_images/Slugma.jpg,Fire,
Slurpuff,pokemon_images/Slurpuff.jpg,Fairy,
Smeargle,pokemon_images/Smeargle.jpg,Normal,
Smoliv,pokemon_images/Smoliv.jpg,Grass,Normal
Smoochum,pokemon_images/Smoochum.jpg,Ice,Psychic
Sneasel,pokemon_images/Sneasel.jpg,Dark,Ice
Sneasler,pokemon_images/Sneasler.jpg,Fighting,Poison
Snivy,pokemon_images/Snivy.jpg,Grass,
Snom,pokemon_images/Snom.jpg,Ice,Bug
Snorlax,pokemon_images/Snorlax.jpg,Normal,
Snorunt,pokemon_images/Snorunt.jpg,Ice,
Snover,pokemon_images/Snover.jpg,Grass,Ice
Snubbull,pokemon_images/Snubbull.jpg,Fairy,
Sobble,pokemon_images/Sobble.jpg,Water,
Solgaleo,pokemon_images/Solgaleo.jpg,Psychic,Steel
Solosis,pokemon_images/Solosis.jpg,Psychic,
Solrock,pokemon_images/Solrock.jpg,Rock,Psychic
Spearow,pokemon_images/Spearow.jpg,Normal,Flying
Spectrier,pokemon_images/Spectrier.jpg,Ghost,
Spewpa,pokemon_images/Spewpa.jpg,Bug,
Spheal,pokemon_images/Spheal.jpg,Ice,Water
Spidops,pokemon_images/Spidops.jpg,Bug,
Spinarak,pokemon_images/Spinarak.jpg,Bug,Poison
Spinda,pokemon_images/Spinda.jpg,Normal,
Spiritomb,pokemon_images/Spiritomb.jpg,Ghost,Dark
Spoink,pokemon_images/Spoink.jpg,Psychic,
Sprigatito,pokemon_images/Sprigatito.jpg,Grass,
Spritzee,pokemon_images/Spritzee.jpg,Fairy,
Squawkabilly,pokemon_images/Squawkabilly.jpg,Normal,Flying
Squirtle,pokemon_images/Squirtle.jpg,Water,
Stakataka,pokemon_images/Stakataka.jpg,Rock,Steel
Stantler,pokemon_images/Stantler.jpg,Normal,
Staraptor,pokemon_images/Staraptor.jpg,Normal,Flying
Staravia,pokemon_images/Staravia.jpg,Normal,Flying
Starly,pokemon_images/Starly.jpg,Normal,Flying
Starmie,pokemon_images/Starmie.jpg,Water,Psychic
Staryu,pokemon_images/Staryu.jpg,Water,
Steelix,pokemon_images/Steelix.jpg,Steel,Ground
Steenee,pokemon_images/Steenee.jpg,Grass,
Stonjourner,pokemon_images/Stonjourner.jpg,Rock,
Stoutland,pokemon_images/Stoutland.jpg,Normal,
Stufful,pokemon_images/Stufful.jpg,Normal,Fighting
Stunfisk,pokemon_images/Stunfisk.jpg,Ground,Electric
Stunky,pokemon_images/Stunky.jpg,Poison,Dark
Sudowoodo,pokemon_images/Sudowoodo.jpg,Rock,
Suicune,pokemon_images/Suicune.jpg,Water,
Sunflora,pokemon_images/Sunflora.jpg,Grass,
Sunkern,pokemon_images/Sunkern.jpg,Grass,
Surskit,pokemon_images/Surskit.jpg,Bug,Water
Swablu,pokemon_images/Swablu.jpg,Normal,Flying
Swadloon,pokemon_images/Swadloon.jpg,Bug,Grass
Swalot,pokemon_images/Swalot.jpg,Poison,
Swampert,pokemon_images/Swampert.jpg,Water,Ground
Swanna,pokemon_images/Swanna.jpg,Water,Flying
Swellow,pokemon_images/Swellow.jpg,Normal,Flying
Swinub,pokemon_images/Swinub.jpg,Ice,Ground
Swirlix,pokemon_images/Swirlix.jpg,Fairy,
Swoobat,pokemon_images/Swoobat.jpg,Psychic,Flying
Sylveon,pokemon_images/Sylveon.jpg,Fairy,
Tadbulb,pokemon_images/Tadbulb.jpg,Electric,
Taillow,pokemon_images/Taillow.jpg,Normal,Flying
Talonflame,pokemon_images/Talonflame.jpg,Fire,Flying
Tandemaus,pokemon_images/Tandemaus.jpg,Normal,
Tangela,pokemon_images/Tangela.jpg,Grass,
Tangrowth,pokemon_images/Tangrowth.jpg,Grass,
Tapu Bulu,pokemon_images/Tapu Bulu.jpg,Grass,Fairy
Tapu Fini,pokemon_images/Tapu Fini.jpg,Water,Fairy
Tapu Koko,pokemon_images/Tapu Koko.jpg,Electric,Fairy
Tapu Lele,pokemon_images/Tapu Lele.jpg,Psychic,Fairy
Tarountula,pokemon_images/Tarountula.jpg,Bug,
Tatsugiri,pokemon_images/Tatsugiri.jpg,Dragon,Water
Tauros,pokemon_images/Tauros.jpg,Normal,
Teddiursa,pokemon_images/Teddiursa.jpg,Normal,
Tentacool,pokemon_images/Tentacool.jpg,Water,Poison
Tentacruel,pokemon_images/Tentacruel.jpg,Water,Poison
Tepig,pokemon_images/Tepig.jpg,Fire,
Terapagos,pokemon_images/Terapagos.jpg,Normal,
Terrakion,pokemon_images/Terrakion.jpg,Rock,Fighting
Thievul,pokemon_images/Thievul.jpg,Dark,
Throh,pokemon_images/Throh.jpg,Fighting,
Thundurus,pokemon_images/Thundurus.jpg,Electric,Flying
Thwackey,pokemon_images/Thwackey.jpg,Grass,
Timburr,pokemon_images/Timburr.jpg,Fighting,
Ting-Lu,pokemon_images/Ting-Lu.jpg,Dark,Ground
Tinkatink,pokemon_images/Tinkatink.jpg,Fairy,Steel
Tinkaton,pokemon_images/Tinkaton.jpg,Fairy,Steel
Tinkatuff,pokemon_images/Tinkatuff.jpg,Fairy,Steel
Tirtouga,pokemon_images/Tirtouga.jpg,Water,Rock
Toedscool,pokemon_images/Toedscool.jpg,Ground,Grass
Toedscruel,pokemon_images/Toedscruel.jpg,Ground,Grass
Togedemaru,pokemon_images/Togedemaru.jpg,Electric,Steel
Togekiss,pokemon_images/Togekiss.jpg,Fairy,Flying
Togepi,pokemon_images/Togepi.jpg,Fairy,
Togetic,pokemon_images/Togetic.jpg,Fairy,Flying
Torchic,pokemon_images/Torchic.jpg,Fire,
Torkoal,pokemon_images/Torkoal.jpg,Fire,
Tornadus,pokemon_images/Tornadus.jpg,Flying,
Torracat,pokemon_images/Torracat.jpg,Fire,
Torterra,pokemon_images/Torterra.jpg,Grass,Ground
Totodile,pokemon_images/Totodile.jpg,Water,
Toucannon,pokemon_images/Toucannon.jpg,Normal,Flying
Toxapex,pokemon_images/Toxapex.jpg,Poison,Water
Toxel,pokemon_images/Toxel.jpg,Electric,Poison
Toxicroak,pokemon_images/Toxicroak.jpg,Poison,Fighting
Toxtricity,pokemon_images/Toxtricity.jpg,Electric,Poison
Tranquill,pokemon_images/Tranquill.jpg,Normal,Flying
Trapinch,pokemon_images/Trapinch.jpg,Ground,
Treecko,pokemon_images/Treecko.jpg,Grass,
Trevenant,pokemon_images/Trevenant.jpg,Ghost,Grass
Tropius,pokemon_images/Tropius.jpg,Grass,Flying
Trubbish,pokemon_images/Trubbish.jpg,Poison,
Trumbeak,pokemon_images/Trumbeak.jpg,Normal,Flying
Tsareena,pokemon_images/Tsareena.jpg,Grass,
Turtonator,pokemon_images/Turtonator.jpg,Fire,Dragon
Turtwig,pokemon_images/Turtwig.jpg,Grass,
Tympole,pokemon_images/Tympole.jpg,Water,
Tynamo,pokemon_images/Tynamo.jpg,Electric,
Type: Null,pokemon_images/Type: Null.jpg,Normal,
Typhlosion,pokemon_images/Typhlosion.jpg,Fire,
Tyranitar,pokemon_images/Tyranitar.jpg,Rock,Dark
Tyrantrum,pokemon_images/Tyrantrum.jpg,Rock,Dragon
Tyrogue,pokemon_images/Tyrogue.jpg,Fighting,
Tyrunt,pokemon_images/Tyrunt.jpg,Rock,Dragon
Umbreon,pokemon_images/Umbreon.jpg,Dark,
Unfezant,pokemon_images/Unfezant.jpg,Normal,Flying
Unown,pokemon_images/Unown.jpg,Psychic,
Ursaluna,pokemon_images/Ursaluna.jpg,Ground,Normal
Ursaring,pokemon_images/Ursaring.jpg,Normal,
Urshifu,pokemon_images/urshifu-single-strike.jpg,Fighting,Dark
Uxie,pokemon_images/Uxie.jpg,Psychic,
Vanillish,pokemon_images/Vanillish.jpg,Ice,
Vanillite,pokemon_images/Vanillite.jpg,Ice,
Vanilluxe,pokemon_images/Vanilluxe.jpg,Ice,
Vaporeon,pokemon_images/Vaporeon.jpg,Water,
Varoom,pokemon_images/Varoom.jpg,Steel,Poison
Veluza,pokemon_images/Veluza.jpg,Water,Psychic
Venipede,pokemon_images/Venipede.jpg,Bug,Poison
Venomoth,pokemon_images/Venomoth.jpg,Bug,Poison
Venonat,pokemon_images/Venonat.jpg,Bug,Poison
Venusaur,pokemon_images/Venusaur.jpg,Grass,Poison
Vespiquen,pokemon_images/Vespiquen.jpg,Bug,Flying
Vibrava,pokemon_images/Vibrava.jpg,Ground,Dragon
Victini,pokemon_images/Victini.jpg,Psychic,Fire
Victreebel,pokemon_images/Victreebel.jpg,Grass,Poison
Vigoroth,pokemon_images/Vigoroth.jpg,Normal,
Vikavolt,pokemon_images/Vikavolt.jpg,Bug,Electric
Vileplume,pokemon_images/Vileplume.jpg,Grass,Poison
Virizion,pokemon_images/Virizion.jpg,Grass,Fighting
Vivillon,pokemon_images/Vivillon.jpg,Bug,Flying
Volbeat,pokemon_images/Volbeat.jpg,Bug,
Volcanion,pokemon_images/Volcanion.jpg,Fire,Water
Volcarona,pokemon_images/Volcarona.jpg,Bug,Fire
Voltorb,pokemon_images/Voltorb.jpg,Electric,
Vullaby,pokemon_images/Vullaby.jpg,Dark,Flying
Vulpix,pokemon_images/Vulpix.jpg,Fire,
Wailmer,pokemon_images/Wailmer.jpg,Water,
Wailord,pokemon_images/Wailord.jpg,Water,
Walking Wake,pokemon_images/Walking Wake.jpg,Water,Dragon
Walrein,pokemon_images/Walrein.jpg,Ice,Water
Wartortle,pokemon_images/Wartortle.jpg,Water,
Watchog,pokemon_images/Watchog.jpg,Normal,
Wattrel,pokemon_images/Wattrel.jpg,Electric,Flying
Weavile,pokemon_images/Weavile.jpg,Dark,Ice
Weedle,pokemon_images/Weedle.jpg,Bug,Poison
Weepinbell,pokemon_images/Weepinbell.jpg,Grass,Poison
Weezing,pokemon_images/Weezing.jpg,Poison,
Whimsicott,pokemon_images/Whimsicott.jpg,Grass,Fairy
Whirlipede,pokemon_images/Whirlipede.jpg,Bug,Poison
Whiscash,pokemon_images/Whiscash.jpg,Water,Ground
Whismur,pokemon_images/Whismur.jpg,Normal,
Wigglytuff,pokemon_images/Wigglytuff.jpg,Normal,Fairy
Wiglett,pokemon_images/Wiglett.jpg,Water,
Wimpod,pokemon_images/Wimpod.jpg,Bug,Water
Wingull,pokemon_images/Wingull.jpg,Water,Flying
Wishiwashi,pokemon_images/wishiwashi-solo.jpg,Water,
Wo-Chien,pokemon_images/Wo-Chien.jpg,Dark,Grass
Wobbuffet,pokemon_images/Wobbuffet.jpg,Psychic,
Woobat,pokemon_images/Woobat.jpg,Psychic,Flying
Wooloo,pokemon_images/Wooloo.jpg,Normal,
Wooper,pokemon_images/Wooper.jpg,Water,Ground
Wormadam,pokemon_images/Wormadam.jpg,Bug,Grass
Wugtrio,pokemon_images/Wugtrio.jpg,Water,
Wurmple,pokemon_images/Wurmple.jpg,Bug,
Wynaut,pokemon_images/Wynaut.jpg,Psychic,
Wyrdeer,pokemon_images/Wyrdeer.jpg,Normal,Psychic
Xatu,pokemon_images/Xatu.jpg,Psychic,Flying
Xerneas,pokemon_images/Xerneas.jpg,Fairy,
Xurkitree,pokemon_images/Xurkitree.jpg,Electric,
Yamask,pokemon_images/Yamask.jpg,Ghost,
Yamper,pokemon_images/Yamper.jpg,Electric,
Yanma,pokemon_images/Yanma.jpg,Bug,Flying
Yanmega,pokemon_images/Yanmega.jpg,Bug,Flying
Yungoos,pokemon_images/Yungoos.jpg,Normal,
Yveltal,pokemon_images/Yveltal.jpg,Dark,Flying
Zacian,pokemon_images/Zacian.jpg,Fairy,
Zamazenta,pokemon_images/Zamazenta.jpg,Fighting,
Zangoose,pokemon_images/Zangoose.jpg,Normal,
Zapdos,pokemon_images/Zapdos.jpg,Electric,Flying
Zarude,pokemon_images/Zarude.jpg,Dark,Grass
Zebstrika,pokemon_images/Zebstrika.jpg,Electric,
Zekrom,pokemon_images/Zekrom.jpg,Dragon,Electric
Zeraora,pokemon_images/Zeraora.jpg,Electric,
Zigzagoon,pokemon_images/Zigzagoon.jpg,Normal,
Zoroark,pokemon_images/Zoroark.jpg,Dark,
Zorua,pokemon_images/Zorua.jpg,Dark,
Zubat,pokemon_images/Zubat.jpg,Poison,Flying
Zweilous,pokemon_images/Zweilous.jpg,Dark,Dragon
Zygarde,pokemon_images/Zygarde.jpg,Dragon,Ground
